sample_id_1	taxon_name	tip_label	sample_id
3_bin.5.fa	3_Peltigera ponojensis monticola 9	3_Peltigera ponojensis monticola 9	3_bin.5.fa
8274_bin.7.fa	8274 Peltigera scabrosa 2	8274 Peltigera scabrosa 2	8274_bin.7.fa
8277_bin.2.fa	8277 Peltigera aubertii	8277 Peltigera aubertii	8277_bin.2.fa
Cylindrospermum_stagnale_PCC_7417.fa	Cylindrospermum stagnale PCC 7417	Cylindrospermum stagnale PCC 7417	Cylindrospermum_stagnale_PCC_7417.fa
JL23bin6.fa	Peltigera aphthosa JL23	Peltigera aphthosa JL23	JL23bin6.fa
JL31bin7.fa	Peltigera extenuata JL31	Peltigera extenuata JL31	JL31bin7.fa
JL33bin9.fa	Peltigera malacea JL33	Peltigera malacea JL33	JL33bin9.fa
JL34bin6.fa	Peltigera evansiana JL34	Peltigera evansiana JL34	JL34bin6.fa
Nmoss2.fa	Pleurozium schreberi Nmoss2	Pleurozium schreberi Nmoss2	Nmoss2.fa
Nmoss3.fa	Pleurozium schreberi Nmoss3	Pleurozium schreberi Nmoss3	Nmoss3.fa
Nmoss4.fa	Pleurozium schreberi Nmoss4	Pleurozium schreberi Nmoss4	Nmoss4.fa
NMS1bin4.fa	Peltigera hydrothyria NMS1	Peltigera hydrothyria NMS1	NMS1bin4.fa
NMS2bin6.fa	Peltigera hydrothyria NMS2	Peltigera hydrothyria NMS2	NMS2bin6.fa
NMS4bins6.fa	Peltigera venosa NMS4	Peltigera venosa NMS4	NMS4bins6.fa
NMS7bin6.fa	Solorina crocea NMS7	Solorina crocea NMS7	NMS7bin6.fa
NMS8bin5.fa	Peltigera dolichorhiza NMS8	Peltigera dolichorhiza NMS8	NMS8bin5.fa
NMS9bin6.fa	Peltigera phyllidiosa NMS9	Peltigera phyllidiosa NMS9	NMS9bin6.fa
NOSbin1.fa	Peltigera aphthosa NOS	Peltigera aphthosa NOS	NOSbin1.fa
Nostoc_calcicola_FACHB_389.fa	Nostoc calcicola FACHB389	Nostoc calcicola FACHB389	Nostoc_calcicola_FACHB_389.fa
Nostoc_commune_NIES_4072.fa	Nostoc commune NIES 4072	Nostoc commune NIES 4072	Nostoc_commune_NIES_4072.fa
Nostoc_flagelliforme_CCNUN1.fa	Nostoc flagelliforme CCNUN1	Nostoc flagelliforme CCNUN1	Nostoc_flagelliforme_CCNUN1.fa
Nostoc_KVJ10.fa	Blasia pusilla KVJ10	Blasia pusilla KVJ10	Nostoc_KVJ10.fa
Nostoc_KVJ2.fa	Blasia pusilla KVJ2	Blasia pusilla KVJ2	Nostoc_KVJ2.fa
Nostoc_KVS11.fa	Blasia pusilla KVS11	Blasia pusilla KVS11	Nostoc_KVS11.fa
Nostoc_linckia_NIES_25.fa	Nostoc linckia NIES 25	Nostoc linckia NIES 25	Nostoc_linckia_NIES_25.fa
Nostoc_linckia_z4.fa	Nostoc linckia z4	Nostoc linckia z4	Nostoc_linckia_z4.fa
Nostoc_punctiforme_PCC_73102.fa	Nostoc punctiforme PCC 73102	Nostoc punctiforme PCC 73102	Nostoc_punctiforme_PCC_73102.fa
Nostoc_sp_ATCC_53789_v2.fa	Nostoc sp. ATCC 53789 v2	Nostoc sp. ATCC 53789 v2	Nostoc_sp_ATCC_53789_v2.fa
Nostoc_sp_B_2019.fa	Nostoc sp. B 2019	Nostoc sp. B 2019	Nostoc_sp_B_2019.fa
Nostoc_sp_JC1668.fa	Zamia pseudoparasitica JC1668	Zamia pseudoparasitica JC1668	Nostoc_sp_JC1668.fa
Nostoc_sp_KVJ20.fa	Blasia pusilla KVJ20	Blasia pusilla KVJ20	Nostoc_sp_KVJ20.fa
Nostoc_sp_Lobaria_pulmonaria_5183.fa	Lobaria pulmonaria 5183	Lobaria pulmonaria 5183	Nostoc_sp_Lobaria_pulmonaria_5183.fa
Nostoc_sp_Peltigera_malacea_cyanobiont_DB3992.fa	Peltigera malacea cyanobiont DB3992	Peltigera malacea cyanobiont DB3992	Nostoc_sp_Peltigera_malacea_cyanobiont_DB3992.fa
Nostoc_sp_Peltigera_membranacea_cyanobiont_210A.fa	Peltigera membranacea cyanobiont_210A	Peltigera membranacea cyanobiont_210A	Nostoc_sp_Peltigera_membranacea_cyanobiont_210A.fa
Nostoc_sp_Peltigera_membranacea_cyanobiont_213.fa	Peltigera membranacea cyanobiont 213	Peltigera membranacea cyanobiont 213	Nostoc_sp_Peltigera_membranacea_cyanobiont_213.fa
Nostoc_sp_Peltigera_membranacea_cyanobiont_232.fa	Peltigera membranacea cyanobiont 232	Peltigera membranacea cyanobiont 232	Nostoc_sp_Peltigera_membranacea_cyanobiont_232.fa
Nostoc_sp_Peltigera_membranacea_cyanobiont_N6.fa	Peltigera membranacea cyanobiont N6	Peltigera membranacea cyanobiont N6	Nostoc_sp_Peltigera_membranacea_cyanobiont_N6.fa
Nostoc_sp_UIC_10630.fa	Nostoc sp. UIC 10630	Nostoc sp. UIC 10630	Nostoc_sp_UIC_10630.fa
Nostoc_sphaeroides_CCNUC1.fa	Nostoc sphaeroides CCNUC1	Nostoc sphaeroides CCNUC1	Nostoc_sphaeroides_CCNUC1.fa
Nostoc_sphaeroides_Kutzing.fa	Nostoc sphaeroides Kutzing	Nostoc sphaeroides Kutzing	Nostoc_sphaeroides_Kutzing.fa
P10073_bin.12.fa	P10073 Nephroma resupinatum	P10073 Nephroma resupinatum	P10073_bin.12.fa
P10160_bin.1.fa	P10160 Peltigera aphthosa 5	P10160 Peltigera aphthosa 5	P10160_bin.1.fa
P10246_bin.10.fa	P10246 Protopannaria pezizoides	P10246 Protopannaria pezizoides bin 10	P10246_bin.10.fa
P10246_bin.4.fa	P10246 Protopannaria pezizoides	P10246 Protopannaria pezizoides bin 4	P10246_bin.4.fa
P10247_bin.15.fa	P10247 Leptogium	P10247 Leptogium bin 15	P10247_bin.15.fa
P10247_bin.16.fa	P10247 Leptogium	P10247 Leptogium bin 16	P10247_bin.16.fa
P10247_bin.2.fa	P10247 Leptogium	P10247 Leptogium bin 2	P10247_bin.2.fa
P10264_bin.13.fa	P10264 Leptogium saturninum	P10264 Leptogium saturninum	P10264_bin.13.fa
P1030_bin3.fa	P1030 Peltigera retifoveata	P1030 Peltigera retifoveata	P1030_bin3.fa
P10324_bin.2.fa	P10324 Peltigera_britannica_2	P10324 Peltigera_britannica_2	P10324_bin.2.fa
P10894_bin.1.fa	P10894 Peltigera malacea 2	P10894 Peltigera malacea 2	P10894_bin.1.fa
P11060_bin.1.fa	P11060 Leptogium saturninum	P11060 Leptogium saturninum	P11060_bin.1.fa
P11388_bin.2.fa	P11388 Peltigera neckeri	P11388 Peltigera neckeri	P11388_bin.2.fa
P11425_bin.6.fa	P11425 Peltigera aff neorufescens	P11425 Peltigera aff neorufescens	P11425_bin.6.fa
P1229_bin.25.fa	P1229 Peltigera hymenina	P1229 Peltigera hymenina	P1229_bin.25.fa
P12502_bin.2.fa	P12502 Sticta sp.	P12502 Sticta sp.	P12502_bin.2.fa
P12521_bin.3.fa	P12521 Lobaria sp.	P12521 Lobaria sp.	P12521_bin.3.fa
P12523_bin.3.fa	P12523 Pseudocyphellaria sp.	P12523 Pseudocyphellaria sp.	P12523_bin.3.fa
P12537_bin.5.fa	P12537 Pseudocyphellaria sp.	P12537 Pseudocyphellaria sp.	P12537_bin.5.fa
P12545_bin.5.fa	P12545 Pannariaceae sp.	P12545 Pannariaceae sp.	P12545_bin.5.fa
P12559_bin.8.fa	P12559 Pseudocyphellaria guillemini	P12559 Pseudocyphellaria guillemini	P12559_bin.8.fa
P12560_bin.18.fa	P12560 Pseudocyphellaria berberina	P12560 Pseudocyphellaria berberina bin 18	P12560_bin.18.fa
P12560_bin.20.fa	P12560 Pseudocyphellaria berberina	P12560 Pseudocyphellaria berberina bin 20	P12560_bin.20.fa
P12564_bin.10.fa	P12564 Pseudocyphellaria corifolia	P12564 Pseudocyphellaria corifolia	P12564_bin.10.fa
P12567_bin.1.fa	P12567 Sticta hypochra	P12567 Sticta hypochra	P12567_bin.1.fa
P12569_bin.5.fa	P12569 Sticta caulescens	P12569 Sticta caulescens	P12569_bin.5.fa
P12570_bin.5.fa	P12570 Sticta hypochra	P12570 Sticta hypochra	P12570_bin.5.fa
P12573_bin.6.fa	P12573 Nephroma antarcticum	P12573 Nephroma antarcticum	P12573_bin.6.fa
P12578_bin.22.fa	P12578 Collema sp.	P12578 Collema sp.	P12578_bin.22.fa
P12584_bin.11.fa	P12584 Pseudocyphellaria meyenii	P12584 Pseudocyphellaria meyenii	P12584_bin.11.fa
P12588_bin.4.fa	P12588 Leptogium sp.	P12588 Leptogium sp.	P12588_bin.4.fa
P12591_bin.6.fa	P12591 Collema sp.	P12591 Collema sp.	P12591_bin.6.fa
P12639_bin.2.fa	P12639 Leptogium sp.	P12639 Leptogium sp. bin 2	P12639_bin.2.fa
P12639_bin.3.fa	P12639 Leptogium sp.	P12639 Leptogium sp. bin 3	P12639_bin.3.fa
P12641_bin.9.fa	P12641 Leptogium sp.	P12641 Leptogium sp.	P12641_bin.9.fa
P12642_bin.1.fa	P12642 Leptogium sp.	P12642 Leptogium sp.	P12642_bin.1.fa
P12646_bin.6.fa	P12646 Leptogium sp.	P12646 Leptogium sp.	P12646_bin.6.fa
P12649_bin.6.fa	P12649 Leptogium sp.	P12649 Leptogium sp.	P12649_bin.6.fa
P12650_bin.7.fa	P12650 Leptogium sp.	P12650 Leptogium sp.	P12650_bin.7.fa
P14213_bin.4.fa	P14213 Lobaria retigera	P14213 Lobaria retigera	P14213_bin.4.fa
P14264_bin.5.fa	P14264 Leptogium sp.	P14264 Leptogium sp.	P14264_bin.5.fa
P14269_bin.10.fa	P14269 Leptogium sp.	P14269 Leptogium sp.	P14269_bin.10.fa
P14318_bin.17.fa	P14318 Sticta sp.	P14318 Sticta sp.	P14318_bin.17.fa
P14321_bin.11.fa	P14321 Pseudocyphellaria sp.	P14321 Pseudocyphellaria sp.	P14321_bin.11.fa
P1574_bin.1.fa	P1574 Peltigera dolichorhiza	P1574 Peltigera dolichorhiza	P1574_bin.1.fa
P2037_bin.28.fa	P2037 ﻿Peltigera aubertii	P2037 ﻿Peltigera aubertii	P2037_bin.28.fa
P2039_bin.23.fa	P2039 Peltigera sp. 14	P2039 Peltigera sp. 14	P2039_bin.23.fa
P2081_bin.11.fa	P2081 Peltigera canina 2	P2081 Peltigera canina 2	P2081_bin.11.fa
P2083_bin.10.fa	P2083 Peltigera rufescens 1	P2083 Peltigera rufescens 1 bin 10	P2083_bin.10.fa
P2083_bin.13.fa	P2083 Peltigera rufescens 1	P2083 Peltigera rufescens 1 bin 13	P2083_bin.13.fa
P2090_bin.22.fa	P2090 Peltigera canina 2	P2090 Peltigera canina 2	P2090_bin.22.fa
P2115_bin.3.fa	P2115 Peltigera vainioi	P2115 Peltigera vainioi	P2115_bin.3.fa
P2123_bin.17.fa	P2123 Peltigera canina 1	P2123 Peltigera canina 1	P2123_bin.17.fa
P2152_bins.5.fa	P2152 Peltigera soredians	P2152 Peltigera soredians	P2152_bins.5.fa
P2162_bin.10.fa	P2162 Peltigera erioderma 1	P2162 Peltigera erioderma 1	P2162_bin.10.fa
P2164_bin.3.fa	P2164 Peltigera sp. 17	P2164 Peltigera sp. 17	P2164_bin.3.fa
P2170_bin.16.fa	P2170 Peltigera degenii	P2170 Peltigera degenii bin 16	P2170_bin.16.fa
P2170_bin.4.fa	P2170 Peltigera degenii	P2170 Peltigera degenii bin 4	P2170_bin.4.fa
P2180_bin.2.fa	P2180 Peltigera ponojensis/monticola 1a	P2180 Peltigera ponojensis/monticola 1a	P2180_bin.2.fa
P2213_bin.24.fa	P2213 Peltigera canina 1	P2213 Peltigera canina 1	P2213_bin.24.fa
P2224_bin.14.fa	P2224 Peltigera neocanina 3	P2224 Peltigera neocanina 3	P2224_bin.14.fa
P3034_bins.3.fa	P3034 Peltigera occidentalis	P3034 Peltigera occidentalis	P3034_bins.3.fa
P3068_bins.4.fa	P3068 Peltigera neopolydactyla 5	P3068 Peltigera neopolydactyla 5	P3068_bins.4.fa
P330_bin.5.fa	P330 Peltigera truculenta	P330 Peltigera truculenta	P330_bin.5.fa
P5023_bin.2.fa	P5023 Peltigera scabrosa	P5023 Peltigera scabrosa	P5023_bin.2.fa
P539_bin.14.fa	P539 Peltigera hymenina	P539 Peltigera hymenina	P539_bin.14.fa
P607_bin.11.fa	P607 Peltigera sp. 3	P607 Peltigera sp. 3	P607_bin.11.fa
P6447_bin.3.fa	P6447 Peltigera collina	P6447 Peltigera collina	P6447_bin.3.fa
P6465_bin.9.fa	P6465 Peltigera neopolydactyla 1	P6465 Peltigera neopolydactyla 1	P6465_bin.9.fa
P6524_bin.1.fa	P6524 Peltigera praetextata	P6524 Peltigera praetextata	P6524_bin.1.fa
P6600_bin.5.fa	P6600 Peltigera canina 2	P6600 Peltigera canina 2	P6600_bin.5.fa
P6602_bin.15.fa	P6602 Peltigera scabrosa 1 	P6602 Peltigera scabrosa 1 	P6602_bin.15.fa
P6620_bin.6.fa	P6620 Peltigera neopolydactyla 	P6620 Peltigera neopolydactyla 	P6620_bin.6.fa
P6636_bin.10.fa	P6636 Peltigera horizontalis	P6636 Peltigera horizontalis	P6636_bin.10.fa
P6963_bin.9.fa	P6963 Peltigera sp.	P6963 Peltigera sp.	P6963_bin.9.fa
P6970_bin.3.fa	P6970 Peltigera sp. 11	P6970 Peltigera sp. 11	P6970_bin.3.fa
P8202_bin.9.fa	P8202 Peltigera latiloba	P8202 Peltigera latiloba	P8202_bin.9.fa
P8219_bin.29.fa	P8219 Peltigera islandica	P8219 Peltigera islandica	P8219_bin.29.fa
P8231_bin.15.fa	P8231 Peltigera ponojensis/monticola 1a	P8231 Peltigera ponojensis/monticola 1a	P8231_bin.15.fa
P8256_bin.3.fa	P8256 Peltigera didactyla 3	P8256 Peltigera didactyla 3	P8256_bin.3.fa
P8569_bin.1.fa	P8569 Peltigera elisabethae	P8569 Peltigera elisabethae	P8569_bin.1.fa
P8570_bin.6.fa	P8570 Peltigera canina 1	P8570 Peltigera canina 1	P8570_bin.6.fa
P8571_bin.17.fa	P8571 Peltigera praetextata	P8571 Peltigera praetextata	P8571_bin.17.fa
P8575_bin.3.fa	P8575 Peltigera neckeri	P8575 Peltigera neckeri	P8575_bin.3.fa
P8577_bin.23.fa	P8577 Peltigera aphthosa 5	P8577 Peltigera aphthosa 5	P8577_bin.23.fa
P8580_bin.6.fa	P8580 Peltigera neckeri	P8580 Peltigera neckeri	P8580_bin.6.fa
P8690_bin.1.fa	P8690 Peltigera malacea 3	P8690 Peltigera malacea 3	P8690_bin.1.fa
P8768_bin.2.fa	P8768 Peltigera aff didactyla	P8768 Peltigera aff didactyla	P8768_bin.2.fa
P8840_bin.1.fa	P8840 Peltigera leucophlebia 1	P8840 Peltigera leucophlebia 1	P8840_bin.1.fa
P8857_bin.2.fa	P8857 Peltigera scabrosa 1	P8857 Peltigera scabrosa 1	P8857_bin.2.fa
P8926_bin.12.fa	P8926 Peltigera malacea 2	P8926 Peltigera malacea 2	P8926_bin.12.fa
P9119_bin.5.fa	P9119 Peltigera frippii	P9119 Peltigera frippii	P9119_bin.5.fa
P9121_bin.11.fa	P9121 Peltigera neopolydactyla 1	P9121 Peltigera neopolydactyla 1	P9121_bin.11.fa
P943_bin.5.fa	P943 Peltigera extenuata 2	P943 Peltigera extenuata 2	P943_bin.5.fa
P9639_bin.5.fa	P9639 Fuscopannaria	P9639 Fuscopannaria	P9639_bin.5.fa
P9728_bin.6.fa	P9728 Peltigera_malacea_2	P9728 Peltigera_malacea_2	P9728_bin.6.fa
P9820_bin.6.fa	P9820 Peltigera canina 2	P9820 Peltigera canina 2	P9820_bin.6.fa
P9822_bin.12.fa	P9822 Peltigera_malacea_2	P9822 Peltigera_malacea_2	P9822_bin.12.fa
P9895_bin.3.fa	P9895 Nephroma resupinatum	P9895 Nephroma resupinatum	P9895_bin.3.fa
S1_bin.3.fa	S1 Pannariaceae	S1 Pannariaceae	S1_bin.3.fa
S10_bin.3.fa	S10 Fuscopannaria	S10 Fuscopannaria	S10_bin.3.fa
S11_bin.3.fa	S11 Fuscopannaria	S11 Fuscopannaria	S11_bin.3.fa
S12_bin.8.fa	S12 Kroswia	S12 Kroswia	S12_bin.8.fa
S13.bin.3.fa	S13 Kroswia	S13 Kroswia	S13.bin.3.fa
S13bin.3.fa	S13 Kroswia	S13 Kroswia copy	S13bin.3.fa
S14.fa	S14 Peltigera pacifica	S14 Peltigera pacifica	S14.fasta.fa
S15.bin.3.fa	S15 Peltigera pacifica	S15 Peltigera pacifica	S15.bin.3.fa
S16.bin.2.fa	S16 Peltigera pacifica	S16 Peltigera pacifica	S16.bin.2.fa
S17.bin.4.fa	S17 Peltigera vitikainenii	S17 Peltigera vitikainenii	S17.bin.4.fa
S18.bin.9.fa	S18 Peltigera vitikainenii	S18 Peltigera vitikainenii	S18.bin.9.fa
S19.bin.4.fa	S19 Peltigera vitikainenii	S19 Peltigera vitikainenii	S19.bin.4.fa
S2_bin.1.fa	S2 Pannariaceae	S2 Pannariaceae	S2_bin.1.fa
S20.bin.4.fa	S20 Peltigera vitikainenii	S20 Peltigera vitikainenii	S20.bin.4.fa
S21.bin.3.fa	S21 Peltigera vitikainenii	S21 Peltigera vitikainenii	S21.bin.3.fa
S22.bin.4.fa	S22 Peltigera vitikainenii	S22 Peltigera vitikainenii	S22.bin.4.fa
S23.bin.7.fa	S23 Peltigera vitikainenii	S23 Peltigera vitikainenii	S23.bin.7.fa
S24.bin.3.fa	S24 Peltigera vitikainenii	S24 Peltigera vitikainenii	S24.bin.3.fa
S25.bin.5.fa	S25 Peltigera vitikainenii	S25 Peltigera vitikainenii	S25.bin.5.fa
S26.bin.10.fa	S26 Peltigera vitikainenii	S26 Peltigera vitikainenii	S26.bin.10.fa
S27.bin.8.fa	S27 Peltigera vitikainenii	S27 Peltigera vitikainenii	S27.bin.8.fa
S29.bin.6.fa	S29 Peltigera vitikainenii	S29 Peltigera vitikainenii	S29.bin.6.fa
S3_bin.2.fa	S3 Pannariaceae	S3 Pannariaceae	S3_bin.2.fa
S30.bin.2.fa	S30 Peltigera vitikainenii	S30 Peltigera vitikainenii	S30.bin.2.fa
S31.bin.7.fa	S31 Peltigera vitikainenii	S31 Peltigera vitikainenii	S31.bin.7.fa
S32.bin.9.fa	S32 Peltigera vitikainenii	S32 Peltigera vitikainenii	S32.bin.9.fa
S33.bin.3.fa	S33 Peltigera vitikainenii	S33 Peltigera vitikainenii	S33.bin.3.fa
S34.bin.4.fa	S34 Peltigera vitikainenii	S34 Peltigera vitikainenii	S34.bin.4.fa
S35.bin.6.fa	S35 Peltigera vitikainenii	S35 Peltigera vitikainenii	S35.bin.6.fa
S37.bin.2.fa	S37 Peltigera vitikainenii	S37 Peltigera vitikainenii	S37.bin.2.fa
S38.bin.9.fa	S38 Peltigera vitikainenii	S38 Peltigera vitikainenii	S38.bin.9.fa
S39.bin.1.fa	S39 Peltigera appalachensis	S39 Peltigera appalachensis	S39.bin.1.fa
S40.bin.5.fa	S40 Peltigera appalachensis	S40 Peltigera appalachensis	S40.bin.5.fa
S41.bin.1.fa	S41 Peltigera appalachensis	S41 Peltigera appalachensis	S41.bin.1.fa
S42.bin.2.fa	S42	S42	S42.bin.2.fa
S43.bin.4.fa	S43 Peltigera appalachensis	S43 Peltigera appalachensis	S43.bin.4.fa
S44.bin.5.fa	S44 Peltigera appalachensis	S44 Peltigera appalachensis	S44.bin.5.fa
S45.bin.3.fa	S45 Peltigera appalachensis	S45 Peltigera appalachensis	S45.bin.3.fa
S46.bin.4.fa	S46 Peltigera appalachensis	S46 Peltigera appalachensis	S46.bin.4.fa
S47.bin.1.fa	S47 Peltigera appalachensis	S47 Peltigera appalachensis	S47.bin.1.fa
S48.bin.3.fa	S48 Peltigera appalachensis	S48 Peltigera appalachensis	S48.bin.3.fa
S49.bin.5.fa	S49 Peltigera appalachensis	S49 Peltigera appalachensis	S49.bin.5.fa
S4bin.4.fa	Lepidocollema sp. S4	Lepidocollema sp. S4	S4bin.4.fa
S5_bin.5.fa	S5 Physma sp.	S5 Physma sp.	S5_bin.5.fa
S51.bin.3.fa	S51 Peltigera appalachensis	S51 Peltigera appalachensis	S51.bin.3.fa
S52.bin.3.fa	S52 Peltigera appalachensis	S52 Peltigera appalachensis	S52.bin.3.fa
S53.bin.5.fa	S53 Peltigera appalachensis	S53 Peltigera appalachensis	S53.bin.5.fa
S54.bin.2.fa	S54 Peltigera appalachensis	S54 Peltigera appalachensis	S54.bin.2.fa
S55.bin.1.fa	S55 Peltigera appalachensis	S55 Peltigera appalachensis	S55.bin.1.fa
S56.bin.2.fa	S56 Peltigera appalachensis	S56 Peltigera appalachensis	S56.bin.2.fa
S57.bin.8.fa	S57 Peltigera appalachensis	S57 Peltigera appalachensis	S57.bin.8.fa
S58.bin.1.fa	S58 Peltigera appalachensis	S58 Peltigera appalachensis	S58.bin.1.fa
S6_bin.3.fa	S6 Lepidocollema sp. 	S6 Lepidocollema sp. 	S6_bin.3.fa
S60.bin.3.fa	S60 Peltigera appalachensis	S60 Peltigera appalachensis	S60.bin.3.fa
S61.bin.2.fa	S61 Peltigera asiatica	S61 Peltigera asiatica	S61.bin.2.fa
S62.bin.4.fa	S62 Peltigera asiatica	S62 Peltigera asiatica	S62.bin.4.fa
S63.bin.1.fa	S63 Peltigera asiatica	S63 Peltigera asiatica	S63.bin.1.fa
S64.bin.2.fa	S64 Peltigera mikado	S64 Peltigera mikado	S64.bin.2.fa
S66.bin.5.fa	S66 Peltigera mikado	S66 Peltigera mikado	S66.bin.5.fa
S67.bin.1.fa	S67 Peltigera gayae	S67 Peltigera gayae	S67.bin.1.fa
S68.bin.2.fa	S68 Peltigera gayae	S68 Peltigera gayae	S68.bin.2.fa
S8_bin.2.fa	S8 Physma sp.	S8 Physma sp.	S8_bin.2.fa
S82_bin.3.fa	S82 Peltigera pulverulenta 3	S82 Peltigera pulverulenta 3	S82_bin.3.fa
S83_bin.6.fa	S83 Peltigera pulverulenta 3	S83 Peltigera pulverulenta 3	S83_bin.6.fa
S85_bin.2.fa	S85 Peltigera dolichorhiza	S85 Peltigera dolichorhiza	S85_bin.2.fa
S86_bin.1.fa	S86 Peltigera pulverulenta	S86 Peltigera pulverulenta	S86_bin.1.fa
S88_bin.4.fa	S88 Peltigera pulverulenta 2	S88 Peltigera pulverulenta 2	S88_bin.4.fa
S9_bin.5.fa	S9 Physma sp.	S9 Physma sp.	S9_bin.5.fa
S90_bin.3.fa	S90 Peltigera sp. 6	S90 Peltigera sp. 6	S90_bin.3.fa
S91.bin.3.fa	S91 Peltigera appalachensis	S91 Peltigera appalachensis	S91.bin.3.fa
S92_bin.1.fa	S92 Peltigera sp. 1	S92 Peltigera sp. 1	S92_bin.1.fa
S93.bin.4.fa	S93 Peltigera appalachensis	S93 Peltigera appalachensis	S93.bin.4.fa
S94_bin.3.fa	S94 Peltigera dolichorhiza 2	S94 Peltigera dolichorhiza 2	S94_bin.3.fa
S95_bin.3.fa	S95 Peltigera sp. 2b	S95 Peltigera sp. 2b	S95_bin.3.fa
X2_bin.4.fa	X2 Peltigera aff neorufescens	X2 Peltigera aff neorufescens	X2_bin.4.fa